Title,Original Price,Special Price
Jbl Commercial Cslm20B Blue Edition Battery Powered Lavalier...,2599,449
"Garnier Skin Naturals, Eye Mask, Hydrating & Revitalising, H...",99,59
Park Avenue Pure Collection Trance Fragrance Body Spray for...,220,99
KamaSutra Park Avenue Men Voyage Obsession Eau De Citrus Sce...,399,179
Dabur Vatika Ayurvedic Shampoo - 1L | Damage Therapy | With...,775,387
GUESS Women's Gu3022 Matte Blue/Blue Oval Non-Polarized Sung...,10830,1421
Park Avenue Beer shampoo for Shiny & Bouncy Hair (180ml) | P...,170,89
Dabur Gulabari Premium Rose Water - 400ml (Pack of 3) | With...,405,243
"POND'S Bright Beauty SPF 15 PA ++ Day Cream 50 g, Non-Oily,...",299,179
Clovia Women's Slim Yoga Pants (AB0042F19L_Multicolor,1199,273
"Bajaj Brahmi Amla Ayurvedic Hair Oil, 400ml",200,130
"Mother Dairy Gulabjamun, 1000 g",230,150
Dabur Vedic Tea - 250 Grams x Pack of 3 (Black Tea) | Handpi...,450,225
Fair and Handsome Instant Radiance Face Wash | Pro-Peptide |...,349,165
"FOGG Realman Fresh Mood Deodorant, Strong Body Spray, Long L...",299,120
LONGWAY Starlite-1 P2 1200 mm/48 inch Ultra High Speed 3 Bla...,5762,1519
Nivia Airstrike Football Stud with TPU Sole with Direct Inje...,999,649
Colgate Gentle Sensitive Care Ultra Soft Bristles Manual Too...,300,147
Wipro Garnet 10W LED Bulb for Home & Office |Cool Day White...,210,130
"Surf Excel Matic Top Load Liquid Detergent 3.2 L Refill, Des...",635,402
wipro Garnet 10W LED Bulb for Home & Office |Cool Day White...,33000,3045
Olay Luminous Brightening Foaming Cleanser | Face Wash | Cle...,399,190
"Old Spice Nomad No Gas Deodorant Body Spray Perfume for Men,...",299,104
Acer 80 cm (32 inches) Advanced N Series HD Ready LED TV AR3...,14999,7999
"Haldirams Double Dhamaka 550 gm, (Contains Besan Burfi, Panj...",559,199
ALISBA Women's Cotton Athletic Gym Running Sports Track Suit...,2999,699
KENT Grand RO Water Purifier | 4 Years Free Service | RO + U...,19500,10499
"Coway Professional Air Purifier for Home, Longest Filter Lif...",34990,13900
FTX Men Round Neck Printed Multicolor Sports Vest (846_2-846...,969,299
RUPA Frontline Men's Pack of 3 Standard Solid (FL Vest WHT_W...,414,267
Levi's 011 Comfort Brief for Men with Contoured Double Pouch...,429,253
Dabur Gulabari Pure Rose Soap 150g (Pack of 4) | Moisturizin...,265,146
Park Avenue Men Original Collection | Liquid Deodorant | Fre...,225,94
"[Apply coupon] realme NARZO 70x 5G (Ice Blue, 6GB RAM,128GB...",17999,11748
"Parachute Advansed Deep Nourish Body Lotion for Women & Men,...",335,134
Airwick Freshmatic Automatic Room Freshener Refill - 250ml &...,990,281
"Black + Decker, 1.5 Cup Capacity With Improved Assembly & Li...",5999,1499
"T2F Boy's Joggers Track Pant (5-6 Years, Navy)",1499,272
"Havells Fab Water Purifier (White & Grey), RO+UV, Filter ale...",20418,7499
"Alu-Freshh Aluminium Foil for Food Packing, Aluminium Foil 9...",1099,199
"Qubo Smart Air Purifier for Home Q200, From Hero Group, Remo...",12990,6550
Amazon Basics Miami 13L Women's Backpack | Water-Resistant N...,1799,249
AO Smith EWS NEO-3L | 3 Litre 3KW Instant Water Heater (Geys...,4990,2998
"Larah by Borosil Mimosa (LH) Opalware Snack Set, 5-Pieces, W...",745,278
Bajaj Almond Drops Moisturizing Soap 5 X 125g,495,188
"Go HookedPlastic Duro Flower Pot for Gardening, Indoor/Outdo...",1699,171
"Tata Coffee Gold, Hazelnut Flavoured Coffee, Special Edition...",375,268
amazon basics 28-Liter Casual Backpack with 2 Compartments |...,2100,319
Pigeon by Stovekraft 3 Litre Special Stainless Steel Inner L...,3390,1642
[Apply coupon] Wonderchef Ruby Sleek 60cm Chimney| Powerful...,22000,8999
[Apply coupon] Elica 60 cm 1100 m3/HR Chimney (Escg BF 60 NE...,17990,8999
Rush Premium 50 Mtr Nutri Wrap Food Wrapping Paper Roll with...,800,179
Blaupunkt Newly Launched SBW100 Pro+ 2.1 CH Soundbar with Wi...,14990,4449
Longway Vesta 5.5 Ltr 5 Star Rated Instant Water Heater for...,5499,2499
"Vector X Blast-7.0 Stud Cricket Shoes, Synthetic Upper, Rubb...",2549,449
"Faber 60 cm,3 way suction ,1095 m3/hr chimney with 3 Jar mix...",27990,7591
Orient electric Areva fan heater|2000W power|2 heating modes...,3590,1299
Maharaja Viva Steller Electric Kettle | 1.5L | 1350W Power |...,1350,649
Nike Girl's 100% Cotton Above The Knee Dress (CK2776-101_Whi...,2495,824
Portronics Adapto 62 2.4A 12W Mach USB Port USB Fast Wall Ch...,399,169
"KARACHI BAKERY KARACHI HALWA,200g",150,85
GANESH Plastic Quadra Tea Coaster Set for Dining Table for H...,156,98
Kwality Pani Puri kit 43 pcs with 2 Different Flavours Sweet...,100,60
